Date,CPI_value,Yahoo_value,Nielsen_value,Numbeo_value
1947-01-01,20.8,0,20.7,0
1947-02-01,21.1,0,20.9,0
1947-03-01,22.2,0,22,0
1947-04-01,21.8,0,21.6,0
1947-05-01,22.2,0,22,22.8
1947-06-01,22.1,0,21.9,22.7
1947-07-01,22.2,0,22,22.8
1947-08-01,23,0,22.8,23.6
1947-09-01,23.3,0,23.1,23.9
1947-10-01,23.3,23.5,23.1,23.9
1947-11-01,23.2,23.4,23,23.8
1947-12-01,23.5,23.7,23.3,24.1
1948-01-01,23.1,23.3,22.9,23.7
1948-02-01,23.4,23.6,23.2,24
1948-03-01,23.1,23.3,22.9,23.7
1948-04-01,23.7,23.9,23.5,24.3
1948-05-01,23.4,23.6,23.2,24
1948-06-01,23.2,23.4,23,23.8
1948-07-01,23.4,23.6,23.2,24
1948-08-01,23,23.2,22.8,23.6
1948-09-01,23,23.2,22.8,23.6
1948-10-01,22.9,23.1,22.7,23.5
1948-11-01,22,22.2,21.8,22.6
1948-12-01,22,22.2,21.8,22.6
1949-01-01,22.7,22.9,22.5,23.3
1949-02-01,23.6,23.8,23.4,24.2
1949-03-01,24,24.2,23.8,24.6
1949-04-01,23.9,24.1,23.7,24.5
1949-05-01,23.7,23.9,23.5,24.3
1949-06-01,23.5,23.7,23.3,24.1
1949-07-01,23,23.2,22.8,23.6
1949-08-01,23.2,23.4,23,23.8
1949-09-01,23.6,23.8,23.4,24.2
1949-10-01,23,23.2,22.8,23.6
1949-11-01,23.3,23.5,23.1,23.9
1949-12-01,22.7,22.9,22.5,23.3
1950-01-01,22.7,22.9,22.5,23.3
1950-02-01,22.1,22.3,21.9,22.7
1950-03-01,21.9,22.1,21.7,22.5
1950-04-01,21.8,22,21.6,22.4
1950-05-01,21.7,21.9,21.5,22.3
1950-06-01,22.5,22.7,22.3,23.1
1950-07-01,23,23.2,22.8,23.6
1950-08-01,22.2,22.4,22,22.8
1950-09-01,22,22.2,21.8,22.6
1950-10-01,22.5,22.7,22.3,23.1
1950-11-01,22.6,22.8,22.4,23.2
1950-12-01,23.3,23.5,23.1,23.9
1951-01-01,23.8,24,23.6,24.4
1951-02-01,25,25.2,24.8,25.6
1951-03-01,24.4,24.6,24.2,25
1951-04-01,23.6,23.8,23.4,24.2
1951-05-01,23.9,24.1,23.7,24.5
1951-06-01,23.6,23.8,23.4,24.2
1951-07-01,23.6,23.8,23.4,24.2
1951-08-01,23.8,24,23.6,24.4
1951-09-01,24.2,24.4,24,24.8
1951-10-01,24.9,25.1,24.7,25.5
1951-11-01,25.8,26,25.6,26.4
1951-12-01,27.1,27.3,26.9,27.7
1952-01-01,26.9,27.1,26.7,27.5
1952-02-01,25.1,25.3,24.9,25.7
1952-03-01,26.1,26.3,25.9,26.7
1952-04-01,27.3,27.5,27.1,27.9
1952-05-01,27.3,27.5,27.1,27.9
1952-06-01,26.8,27,26.6,27.4
1952-07-01,27.2,27.4,27,27.8
1952-08-01,27.6,27.8,27.4,28.2
1952-09-01,26.9,27.1,26.7,27.5
1952-10-01,26.8,27,26.6,27.4
1952-11-01,27.3,27.5,27.1,27.9
1952-12-01,27,27.2,26.8,27.6
1953-01-01,26.6,26.8,26.4,27.2
1953-02-01,26.8,27,26.6,27.4
1953-03-01,26.7,26.9,26.5,27.3
1953-04-01,26,26.2,25.8,26.6
1953-05-01,25.4,25.6,25.2,26
1953-06-01,26.6,26.8,26.4,27.2
1953-07-01,25.8,26,25.6,26.4
1953-08-01,26,26.2,25.8,26.6
1953-09-01,25.6,25.8,25.4,26.2
1953-10-01,25.8,26,25.6,26.4
1953-11-01,25.3,25.5,25.1,25.9
1953-12-01,25.5,25.7,25.3,26.1
1954-01-01,25.4,25.6,25.2,26
1954-02-01,25.1,25.3,24.9,25.7
1954-03-01,24.9,25.1,24.7,25.5
1954-04-01,25,25.2,24.8,25.6
1954-05-01,25.2,25.4,25,25.8
1954-06-01,25.5,25.7,25.3,26.1
1954-07-01,26.1,26.3,25.9,26.7
1954-08-01,26.3,26.5,26.1,26.9
1954-09-01,26.4,26.6,26.2,27
1954-10-01,26.6,26.8,26.4,27.2
1954-11-01,25.9,26.1,25.7,26.5
1954-12-01,25.3,25.5,25.1,25.9
1955-01-01,25.5,25.7,25.3,26.1
1955-02-01,25.8,26,25.6,26.4
1955-03-01,26,26.2,25.8,26.6
1955-04-01,26.7,26.9,26.5,27.3
1955-05-01,26.5,26.7,26.3,27.1
1955-06-01,25.9,26.1,25.7,26.5
1955-07-01,26.4,26.6,26.2,27
1955-08-01,25.4,25.6,25.2,26
1955-09-01,26.3,26.5,26.1,26.9
1955-10-01,25.9,26.1,25.7,26.5
1955-11-01,25.8,26,25.6,26.4
1955-12-01,26,26.2,25.8,26.6
1956-01-01,26.1,26.3,25.9,26.7
1956-02-01,26.3,26.5,26.1,26.9
1956-03-01,26.6,26.8,26.4,27.2
1956-04-01,26.6,26.8,26.4,27.2
1956-05-01,26.9,27.1,26.7,27.5
1956-06-01,28.4,28.6,28.2,29
1956-07-01,29.3,29.5,29.1,29.9
1956-08-01,27.6,27.8,27.4,28.2
1956-09-01,27.3,27.5,27.1,27.9
1956-10-01,27.1,27.3,26.9,27.7
1956-11-01,27.5,27.7,27.3,28.1
1956-12-01,27.6,27.8,27.4,28.2
1957-01-01,27.2,27.4,27,27.8
1957-02-01,27.1,27.3,26.9,27.7
1957-03-01,27,27.2,26.8,27.6
1957-04-01,27,27.2,26.8,27.6
1957-05-01,27.1,27.3,26.9,27.7
1957-06-01,27.4,27.6,27.2,28
1957-07-01,27.5,27.7,27.3,28.1
1957-08-01,27.7,27.9,27.5,28.3
1957-09-01,27.2,27.4,27,27.8
1957-10-01,27.2,27.4,27,27.8
1957-11-01,27.2,27.4,27,27.8
1957-12-01,26.8,27,26.6,27.4
1958-01-01,28.4,28.6,28.2,29
1958-02-01,28.9,29.1,28.7,29.5
1958-03-01,30.4,30.6,30.2,31
1958-04-01,31,31.2,30.8,31.6
1958-05-01,30.5,30.7,30.3,31.1
1958-06-01,28.9,29.1,28.7,29.5
1958-07-01,28.6,28.8,28.4,29.2
1958-08-01,28.6,28.8,28.4,29.2
1958-09-01,28.5,28.7,28.3,29.1
1958-10-01,28.7,28.9,28.5,29.3
1958-11-01,28.8,29,28.6,29.4
1958-12-01,28.2,28.4,28,28.8
1959-01-01,28.4,28.6,28.2,29
1959-02-01,28.2,28.4,28,28.8
1959-03-01,28,28.2,27.8,28.6
1959-04-01,28,28.2,27.8,28.6
1959-05-01,27.9,28.1,27.7,28.5
1959-06-01,28.9,29.1,28.7,29.5
1959-07-01,28.4,28.6,28.2,29
1959-08-01,28.7,28.9,28.5,29.3
1959-09-01,29.3,29.5,29.1,29.9
1959-10-01,29.5,29.7,29.3,30.1
1959-11-01,29.3,29.5,29.1,29.9
1959-12-01,29.5,29.7,29.3,30.1
1960-01-01,29.4,29.6,29.2,30
1960-02-01,29.2,29.4,29,29.8
1960-03-01,28.9,29.1,28.7,29.5
1960-04-01,29.4,29.6,29.2,30
1960-05-01,29.5,29.7,29.3,30.1
1960-06-01,29.4,29.6,29.2,30
1960-07-01,29.1,29.3,28.9,29.7
1960-08-01,29.1,29.3,28.9,29.7
1960-09-01,29.4,29.6,29.2,30
1960-10-01,29.7,29.9,29.5,30.3
1960-11-01,30.1,30.3,29.9,30.7
1960-12-01,29.8,30,29.6,30.4
1961-01-01,29.5,29.7,29.3,30.1
1961-02-01,29.5,29.7,29.3,30.1
1961-03-01,29.5,29.7,29.3,30.1
1961-04-01,29.7,29.9,29.5,30.3
1961-05-01,29.5,29.7,29.3,30.1
1961-06-01,29.3,29.5,29.1,29.9
1961-07-01,30,30.2,29.8,30.6
1961-08-01,30.2,30.4,30,30.8
1961-09-01,29.9,30.1,29.7,30.5
1961-10-01,29.2,29.4,29,29.8
1961-11-01,28.9,29.1,28.7,29.5
1961-12-01,29.1,29.3,28.9,29.7
1962-01-01,29.1,29.3,28.9,29.7
1962-02-01,29.5,29.7,29.3,30.1
1962-03-01,29.8,30,29.6,30.4
1962-04-01,30.3,30.5,30.1,30.9
1962-05-01,30.1,30.3,29.9,30.7
1962-06-01,30.1,30.3,29.9,30.7
1962-07-01,29.4,29.6,29.2,30
1962-08-01,29.6,29.8,29.4,30.2
1962-09-01,29.9,30.1,29.7,30.5
1962-10-01,30,30.2,29.8,30.6
1962-11-01,30,30.2,29.8,30.6
1962-12-01,29.2,29.4,29,29.8
1963-01-01,30.8,31,30.6,31.4
1963-02-01,31.3,31.5,31.1,31.9
1963-03-01,31.2,31.4,31,31.8
1963-04-01,31.2,31.4,31,31.8
1963-05-01,31.4,31.6,31.2,32
1963-06-01,31.3,31.5,31.1,31.9
1963-07-01,31.7,31.9,31.5,32.3
1963-08-01,32,32.2,31.8,32.6
1963-09-01,31.6,31.8,31.4,32.2
1963-10-01,31.4,31.6,31.2,32
1963-11-01,31.8,32,31.6,32.4
1963-12-01,31.9,32.1,31.7,32.5
1964-01-01,32.6,32.8,32.4,33.2
1964-02-01,32.5,32.7,32.3,33.1
1964-03-01,32.6,32.8,32.4,33.2
1964-04-01,32.3,32.5,32.1,32.9
1964-05-01,32.1,32.3,31.9,32.7
1964-06-01,32.7,32.9,32.5,33.3
1964-07-01,32.5,32.7,32.3,33.1
1964-08-01,32.7,32.9,32.5,33.3
1964-09-01,32.8,33,32.6,33.4
1964-10-01,33,33.2,32.8,33.6
1964-11-01,33.2,33.4,33,33.8
1964-12-01,33.3,33.5,33.1,33.9
1965-01-01,32.5,32.7,32.3,33.1
1965-02-01,32.3,32.5,32.1,32.9
1965-03-01,32.6,32.8,32.4,33.2
1965-04-01,32.9,33.1,32.7,33.5
1965-05-01,33.6,33.8,33.4,34.2
1965-06-01,34.3,34.5,34.1,34.9
1965-07-01,33.2,33.4,33,33.8
1965-08-01,32,32.2,31.8,32.6
1965-09-01,31.8,32,31.6,32.4
1965-10-01,32,32.2,31.8,32.6
1965-11-01,32.3,32.5,32.1,32.9
1965-12-01,32.2,32.4,32,32.8
1966-01-01,32,32.2,31.8,32.6
1966-02-01,33.2,33.4,33,33.8
1966-03-01,33.2,33.4,33,33.8
1966-04-01,33.6,33.8,33.4,34.2
1966-05-01,33,33.2,32.8,33.6
1966-06-01,33.4,33.6,33.2,34
1966-07-01,32.5,32.7,32.3,33.1
1966-08-01,34.1,34.3,33.9,34.7
1966-09-01,34.1,34.3,33.9,34.7
1966-10-01,34,34.2,33.8,34.6
1966-11-01,33.6,33.8,33.4,34.2
1966-12-01,33.2,33.4,33,33.8
1967-01-01,32.8,33,32.6,33.4
1967-02-01,32.6,32.8,32.4,33.2
1967-03-01,32.6,32.8,32.4,33.2
1967-04-01,32.1,32.3,31.9,32.7
1967-05-01,32.2,32.4,32,32.8
1967-06-01,32.8,33,32.6,33.4
1967-07-01,33.7,33.9,33.5,34.3
1967-08-01,34.1,34.3,33.9,34.7
1967-09-01,33.7,33.9,33.5,34.3
1967-10-01,34,34.2,33.8,34.6
1967-11-01,34.3,34.5,34.1,34.9
1967-12-01,34.7,34.9,34.5,35.3
1968-01-01,35.4,35.6,35.2,36
1968-02-01,35.6,35.8,35.4,36.2
1968-03-01,35.7,35.9,35.5,36.3
1968-04-01,36,36.2,35.8,36.6
1968-05-01,36.1,36.3,35.9,36.7
1968-06-01,35.5,35.7,35.3,36.1
1968-07-01,35.8,36,35.6,36.4
1968-08-01,35.6,35.8,35.4,36.2
1968-09-01,35.8,36,35.6,36.4
1968-10-01,36.5,36.7,36.3,37.1
1968-11-01,36.4,36.6,36.2,37
1968-12-01,36.7,36.9,36.5,37.3
1969-01-01,36.3,36.5,36.1,36.9
1969-02-01,35.5,35.7,35.3,36.1
1969-03-01,36.1,36.3,35.9,36.7
1969-04-01,35.9,36.1,35.7,36.5
1969-05-01,36,36.2,35.8,36.6
1969-06-01,35.7,35.9,35.5,36.3
1969-07-01,35.8,36,35.6,36.4
1969-08-01,36.1,36.3,35.9,36.7
1969-09-01,36.9,37.1,36.7,37.5
1969-10-01,36.7,36.9,36.5,37.3
1969-11-01,37.3,37.5,37.1,37.9
1969-12-01,38.4,38.6,38.2,39
1970-01-01,37.5,37.7,37.3,38.1
1970-02-01,37.7,37.9,37.5,38.3
1970-03-01,37.7,37.9,37.5,38.3
1970-04-01,37.7,37.9,37.5,38.3
1970-05-01,37.9,38.1,37.7,38.5
1970-06-01,38,38.2,37.8,38.6
1970-07-01,37.2,37.4,37,37.8
1970-08-01,37.4,37.6,37.2,38
1970-09-01,38.2,38.4,38,38.8
1970-10-01,38.3,38.5,38.1,38.9
1970-11-01,37.7,37.9,37.5,38.3
1970-12-01,37.8,38,37.6,38.4
1971-01-01,36.9,37.1,36.7,37.5
1971-02-01,37.7,37.9,37.5,38.3
1971-03-01,38.5,38.7,38.3,39.1
1971-04-01,39.4,39.6,39.2,40
1971-05-01,39.5,39.7,39.3,40.1
1971-06-01,40,40.2,39.8,40.6
1971-07-01,40.1,40.3,39.9,40.7
1971-08-01,40.2,40.4,40,40.8
1971-09-01,40,40.2,39.8,40.6
1971-10-01,40.2,40.4,40,40.8
1971-11-01,40.6,40.8,40.4,41.2
1971-12-01,42.6,42.8,42.4,43.2
1972-01-01,40.9,41.1,40.7,41.5
1972-02-01,41.5,41.7,41.3,42.1
1972-03-01,40.3,40.5,40.1,40.9
1972-04-01,40,40.2,39.8,40.6
1972-05-01,40.4,40.6,40.2,41
1972-06-01,40.7,40.9,40.5,41.3
1972-07-01,41,41.2,40.8,41.6
1972-08-01,41.7,41.9,41.5,42.3
1972-09-01,43.1,43.3,42.9,43.7
1972-10-01,43.4,43.6,43.2,44
1972-11-01,43.6,43.8,43.4,44.2
1972-12-01,43.7,43.9,43.5,44.3
1973-01-01,44.2,44.4,44,44.8
1973-02-01,44.5,44.7,44.3,45.1
1973-03-01,45.4,45.6,45.2,46
1973-04-01,46.3,46.5,46.1,46.9
1973-05-01,47.1,47.3,46.9,47.7
1973-06-01,48.4,48.6,48.2,49
1973-07-01,49.1,49.3,48.9,49.7
1973-08-01,49.6,49.8,49.4,50.2
1973-09-01,47.1,47.3,46.9,47.7
1973-10-01,48.3,48.5,48.1,48.9
1973-11-01,49.5,49.7,49.3,50.1
1973-12-01,49.9,50.1,49.7,50.5
1974-01-01,50.6,50.8,50.4,51.2
1974-02-01,52,52.2,51.8,52.6
1974-03-01,53.8,54,53.6,54.4
1974-04-01,53.3,53.5,53.1,53.9
1974-05-01,57.8,58,57.6,58.4
1974-06-01,58.4,58.6,58.2,59
1974-07-01,57.2,57.4,57,57.8
1974-08-01,54.8,55,54.6,55.4
1974-09-01,55.9,56.1,55.7,56.5
1974-10-01,56.4,56.6,56.2,57
1974-11-01,56.7,56.9,56.5,57.3
1974-12-01,55.5,55.7,55.3,56.1
1975-01-01,55.4,55.6,55.2,56
1975-02-01,55.6,55.8,55.4,56.2
1975-03-01,55.2,55.4,55,55.8
1975-04-01,54.6,54.8,54.4,55.2
1975-05-01,55,55.2,54.8,55.6
1975-06-01,56.6,56.8,56.4,57.2
1975-07-01,60.2,60.4,60,60.8
1975-08-01,58.1,58.3,57.9,58.7
1975-09-01,58,58.2,57.8,58.6
1975-10-01,57.4,57.6,57.2,58
1975-11-01,58.1,58.3,57.9,58.7
1975-12-01,59.4,59.6,59.2,60
1976-01-01,58.6,58.8,58.4,59.2
1976-02-01,57.7,57.9,57.5,58.3
1976-03-01,57.3,57.5,57.1,57.9
1976-04-01,58.4,58.6,58.2,59
1976-05-01,57.5,57.7,57.3,58.1
1976-06-01,56.6,56.8,56.4,57.2
1976-07-01,56.8,57,56.6,57.4
1976-08-01,58.2,58.4,58,58.8
1976-09-01,58.8,59,58.6,59.4
1976-10-01,60.5,60.7,60.3,61.1
1976-11-01,60.2,60.4,60,60.8
1976-12-01,60.2,60.4,60,60.8
1977-01-01,59.9,60.1,59.7,60.5
1977-02-01,64.8,65,64.6,65.4
1977-03-01,65.1,65.3,64.9,65.7
1977-04-01,66.4,66.6,66.2,67
1977-05-01,63.7,63.9,63.5,64.3
1977-06-01,63.4,63.6,63.2,64
1977-07-01,62.6,62.8,62.4,63.2
1977-08-01,62.7,62.9,62.5,63.3
1977-09-01,62.6,62.8,62.4,63.2
1977-10-01,63,63.2,62.8,63.6
1977-11-01,65,65.2,64.8,65.6
1977-12-01,66,66.2,65.8,66.6
1978-01-01,66.1,66.3,65.9,66.7
1978-02-01,66.3,66.5,66.1,66.9
1978-03-01,67.5,67.7,67.3,68.1
1978-04-01,69.3,69.5,69.1,69.9
1978-05-01,72,72.2,71.8,72.6
1978-06-01,72.3,72.5,72.1,72.9
1978-07-01,73.1,73.3,72.9,73.7
1978-08-01,72.4,72.6,72.2,73
1978-09-01,73.4,73.6,73.2,74
1978-10-01,73.6,73.8,73.4,74.2
1978-11-01,72.6,72.8,72.4,73.2
1978-12-01,71.9,72.1,71.7,72.5
1979-01-01,74.8,75,74.6,75.4
1979-02-01,75.5,75.7,75.3,76.1
1979-03-01,74.9,75.1,74.7,75.5
1979-04-01,74,74.2,73.8,74.6
1979-05-01,74,74.2,73.8,74.6
1979-06-01,75.8,76,75.6,76.4
1979-07-01,77.2,77.4,77,77.8
1979-08-01,77.7,77.9,77.5,78.3
1979-09-01,78,78.2,77.8,78.6
1979-10-01,78.7,78.9,78.5,79.3
1979-11-01,79.3,79.5,79.1,79.9
1979-12-01,79.3,79.5,79.1,79.9
1980-01-01,77.7,77.9,77.5,78.3
1980-02-01,76.5,76.7,76.3,77.1
1980-03-01,77,77.2,76.8,77.6
1980-04-01,79.1,79.3,78.9,79.7
1980-05-01,80.9,81.1,80.7,81.5
1980-06-01,81.1,81.3,80.9,81.7
1980-07-01,82.1,82.3,81.9,82.7
1980-08-01,84.3,84.5,84.1,84.9
1980-09-01,86.1,86.3,85.9,86.7
1980-10-01,86.3,86.5,86.1,86.9
1980-11-01,87.4,87.6,87.2,88
1980-12-01,87.7,87.9,87.5,88.3
1981-01-01,86.9,87.1,86.7,87.5
1981-02-01,88.3,88.5,88.1,88.9
1981-03-01,92.5,92.7,92.3,93.1
1981-04-01,92.7,92.9,92.5,93.3
1981-05-01,90.9,91.1,90.7,91.5
1981-06-01,90.8,91,90.6,91.4
1981-07-01,92.3,92.5,92.1,92.9
1981-08-01,93.4,93.6,93.2,94
1981-09-01,94,94.2,93.8,94.6
1981-10-01,93.4,93.6,93.2,94
1981-11-01,94.1,94.3,93.9,94.7
1981-12-01,95.4,95.6,95.2,96
1982-01-01,98.1,98.3,97.9,98.7
1982-02-01,100.3,100.5,100.1,100.9
1982-03-01,96.6,96.8,96.4,97.2
1982-04-01,96.1,96.3,95.9,96.7
1982-05-01,97.2,97.4,97,97.8
1982-06-01,100.3,100.5,100.1,100.9
1982-07-01,97.8,98,97.6,98.4
1982-08-01,95.6,95.8,95.4,96.2
1982-09-01,95,95.2,94.8,95.6
1982-10-01,95.4,95.6,95.2,96
1982-11-01,95.7,95.9,95.5,96.3
1982-12-01,95.8,96,95.6,96.4
1983-01-01,92.3,92.5,92.1,92.9
1983-02-01,91.5,91.7,91.3,92.1
1983-03-01,94.8,95,94.6,95.4
1983-04-01,96.4,96.6,96.2,97
1983-05-01,97.2,97.4,97,97.8
1983-06-01,98.1,98.3,97.9,98.7
1983-07-01,97.8,98,97.6,98.4
1983-08-01,98.4,98.6,98.2,99
1983-09-01,99.9,100.1,99.7,100.5
1983-10-01,101.1,101.3,100.9,101.7
1983-11-01,100,100.2,99.8,100.6
1983-12-01,100.6,100.8,100.4,101.2
1984-01-01,103.6,103.8,103.4,104.2
1984-02-01,104.9,105.1,104.7,105.5
1984-03-01,107.2,107.4,107,107.8
1984-04-01,103.2,103.4,103,103.8
1984-05-01,101.4,101.6,101.2,102
1984-06-01,104.6,104.8,104.4,105.2
1984-07-01,105,105.2,104.8,105.6
1984-08-01,107.9,108.1,107.7,108.5
1984-09-01,107.3,107.5,107.1,107.9
1984-10-01,107.9,108.1,107.7,108.5
1984-11-01,108.5,108.7,108.3,109.1
1984-12-01,106.9,107.1,106.7,107.5
1985-01-01,106.9,107.1,106.7,107.5
1985-02-01,108.9,109.1,108.7,109.5
1985-03-01,110.4,110.6,110.2,111
1985-04-01,109,109.2,108.8,109.6
1985-05-01,107.2,107.4,107,107.8
1985-06-01,108.4,108.6,108.2,109
1985-07-01,108.3,108.5,108.1,108.9
1985-08-01,107.7,107.9,107.5,108.3
1985-09-01,107.6,107.8,107.4,108.2
1985-10-01,107.3,107.5,107.1,107.9
1985-11-01,107.9,108.1,107.7,108.5
1985-12-01,111.8,112,111.6,112.4
1986-01-01,110.4,110.6,110.2,111
1986-02-01,105.3,105.5,105.1,105.9
1986-03-01,105.9,106.1,105.7,106.5
1986-04-01,107.8,108,107.6,108.4
1986-05-01,110.1,110.3,109.9,110.7
1986-06-01,108.4,108.6,108.2,109
1986-07-01,109.3,109.5,109.1,109.9
1986-08-01,111.1,111.3,110.9,111.7
1986-09-01,111,111.2,110.8,111.6
1986-10-01,111.6,111.8,111.4,112.2
1986-11-01,112.6,112.8,112.4,113.2
1986-12-01,112.4,112.6,112.2,113
1987-01-01,112.9,113.1,112.7,113.5
1987-02-01,115.3,115.5,115.1,115.9
1987-03-01,116.7,116.9,116.5,117.3
1987-04-01,117.3,117.5,117.1,117.9
1987-05-01,118.8,119,118.6,119.4
1987-06-01,122.4,122.6,122.2,123
1987-07-01,119.1,119.3,118.9,119.7
1987-08-01,118.8,119,118.6,119.4
1987-09-01,119.8,120,119.6,120.4
1987-10-01,120.7,120.9,120.5,121.3
1987-11-01,121,121.2,120.8,121.6
1987-12-01,126.5,126.7,126.3,127.1
1988-01-01,126.9,127.1,126.7,127.5
1988-02-01,124.4,124.6,124.2,125
1988-03-01,122.8,123,122.6,123.4
1988-04-01,124.5,124.7,124.3,125.1
1988-05-01,124.6,124.8,124.4,125.2
1988-06-01,124.6,124.8,124.4,125.2
1988-07-01,128.9,129.1,128.7,129.5
1988-08-01,130,130.2,129.8,130.6
1988-09-01,132.9,133.1,132.7,133.5
1988-10-01,132.4,132.6,132.2,133
1988-11-01,132.2,132.4,132,132.8
1988-12-01,133.9,134.1,133.7,134.5
1989-01-01,131.9,132.1,131.7,132.5
1989-02-01,134.5,134.7,134.3,135.1
1989-03-01,134.3,134.5,134.1,134.9
1989-04-01,135.2,135.4,135,135.8
1989-05-01,139.2,139.4,139,139.8
1989-06-01,139.2,139.4,139,139.8
1989-07-01,140,140.2,139.8,140.6
1989-08-01,141.1,141.3,140.9,141.7
1989-09-01,139.5,139.7,139.3,140.1
1989-10-01,141.2,141.4,141,141.8
1989-11-01,141.7,141.9,141.5,142.3
1989-12-01,139.4,139.6,139.2,140
1990-01-01,149,149.2,148.8,149.6
1990-02-01,154.2,154.4,154,154.8
1990-03-01,151.5,151.7,151.3,152.1
1990-04-01,145.6,145.8,145.4,146.2
1990-05-01,144.7,144.9,144.5,145.3
1990-06-01,146.9,147.1,146.7,147.5
1990-07-01,149.9,150.1,149.7,150.5
1990-08-01,149,149.2,148.8,149.6
1990-09-01,148.8,149,148.6,149.4
1990-10-01,149.1,149.3,148.9,149.7
1990-11-01,150.3,150.5,150.1,150.9
1990-12-01,148.3,148.5,148.1,148.9
1991-01-01,151.7,151.9,151.5,152.3
1991-02-01,151.9,152.1,151.7,152.5
1991-03-01,153.2,153.4,153,153.8
1991-04-01,158.4,158.6,158.2,159
1991-05-01,160.4,160.6,160.2,161
1991-06-01,167.5,167.7,167.3,168.1
1991-07-01,158.7,158.9,158.5,159.3
1991-08-01,152.6,152.8,152.4,153.2
1991-09-01,153.5,153.7,153.3,154.1
1991-10-01,150.7,150.9,150.5,151.3
1991-11-01,154.7,154.9,154.5,155.3
1991-12-01,154.5,154.7,154.3,155.1
1992-01-01,149.6,149.8,149.4,150.2
1992-02-01,154.3,154.5,154.1,154.9
1992-03-01,158,158.2,157.8,158.6
1992-04-01,156.9,157.1,156.7,157.5
1992-05-01,153.1,153.3,152.9,153.7
1992-06-01,153.3,153.5,153.1,153.9
1992-07-01,151.1,151.3,150.9,151.7
1992-08-01,157.3,157.5,157.1,157.9
1992-09-01,159.5,159.7,159.3,160.1
1992-10-01,158.4,158.6,158.2,159
1992-11-01,156.7,156.9,156.5,157.3
1992-12-01,155.8,156,155.6,156.4
1993-01-01,156.2,156.4,156,156.8
1993-02-01,157.8,158,157.6,158.4
1993-03-01,155,155.2,154.8,155.6
1993-04-01,156.2,156.4,156,156.8
1993-05-01,163.1,163.3,162.9,163.7
1993-06-01,156.2,156.4,156,156.8
1993-07-01,153.6,153.8,153.4,154.2
1993-08-01,157.6,157.8,157.4,158.2
1993-09-01,159.8,160,159.6,160.4
1993-10-01,162.2,162.4,162,162.8
1993-11-01,162.5,162.7,162.3,163.1
1993-12-01,165.8,166,165.6,166.4
1994-01-01,164.2,164.4,164,164.8
1994-02-01,160.9,161.1,160.7,161.5
1994-03-01,160.4,160.6,160.2,161
1994-04-01,158.8,159,158.6,159.4
1994-05-01,161.7,161.9,161.5,162.3
1994-06-01,163.7,163.9,163.5,164.3
1994-07-01,166.8,167,166.6,167.4
1994-08-01,166.3,166.5,166.1,166.9
1994-09-01,165.7,165.9,165.5,166.3
1994-10-01,165.9,166.1,165.7,166.5
1994-11-01,167.5,167.7,167.3,168.1
1994-12-01,178.4,178.6,178.2,179
1995-01-01,174.4,174.6,174.2,175
1995-02-01,176.8,177,176.6,177.4
1995-03-01,172.1,172.3,171.9,172.7
1995-04-01,180.7,180.9,180.5,181.3
1995-05-01,179.9,180.1,179.7,180.5
1995-06-01,180.3,180.5,180.1,180.9
1995-07-01,179,179.2,178.8,179.6
1995-08-01,176.8,177,176.6,177.4
1995-09-01,179.7,179.9,179.5,180.3
1995-10-01,178.9,179.1,178.7,179.5
1995-11-01,176.8,177,176.6,177.4
1995-12-01,176.6,176.8,176.4,177.2
1996-01-01,176.2,176.4,176,176.8
1996-02-01,178.6,178.8,178.4,179.2
1996-03-01,182.5,182.7,182.3,183.1
1996-04-01,186.1,186.3,185.9,186.7
1996-05-01,182.6,182.8,182.4,183.2
1996-06-01,185.6,185.8,185.4,186.2
1996-07-01,185.2,185.4,185,185.8
1996-08-01,184.5,184.7,184.3,185.1
1996-09-01,184.5,184.7,184.3,185.1
1996-10-01,186.1,186.3,185.9,186.7
1996-11-01,187.8,188,187.6,188.4
1996-12-01,186.1,186.3,185.9,186.7
1997-01-01,182,182.2,181.8,182.6
1997-02-01,188.4,188.6,188.2,189
1997-03-01,188.6,188.8,188.4,189.2
1997-04-01,185.2,185.4,185,185.8
1997-05-01,184.7,184.9,184.5,185.3
1997-06-01,185.5,185.7,185.3,186.1
1997-07-01,185.6,185.8,185.4,186.2
1997-08-01,189.5,189.7,189.3,190.1
1997-09-01,189.4,189.6,189.2,190
1997-10-01,189.3,189.5,189.1,189.9
1997-11-01,190.7,190.9,190.5,191.3
1997-12-01,190.8,191,190.6,191.4
1998-01-01,197.3,197.5,197.1,197.9
1998-02-01,195.3,195.5,195.1,195.9
1998-03-01,195.7,195.9,195.5,196.3
1998-04-01,196,196.2,195.8,196.6
1998-05-01,201.5,201.7,201.3,202.1
1998-06-01,198.3,198.5,198.1,198.9
1998-07-01,199.7,199.9,199.5,200.3
1998-08-01,198,198.2,197.8,198.6
1998-09-01,195.5,195.7,195.3,196.1
1998-10-01,200.4,200.6,200.2,201
1998-11-01,200.1,200.3,199.9,200.7
1998-12-01,200.2,200.4,200,200.8
1999-01-01,202.9,203.1,202.7,203.5
1999-02-01,201.6,201.8,201.4,202.2
1999-03-01,199.6,199.8,199.4,200.2
1999-04-01,202.5,202.7,202.3,203.1
1999-05-01,204.9,205.1,204.7,205.5
1999-06-01,203.5,203.7,203.3,204.1
1999-07-01,203.9,204.1,203.7,204.5
1999-08-01,204.5,204.7,204.3,205.1
1999-09-01,205,205.2,204.8,205.6
1999-10-01,203.3,203.5,203.1,203.9
1999-11-01,202.5,202.7,202.3,203.1
1999-12-01,203.3,203.5,203.1,203.9
2000-01-01,202.2,202.4,202,202.8
2000-02-01,203.4,203.6,203.2,204
2000-03-01,201.8,202,201.6,202.4
2000-04-01,201.4,201.6,201.2,202
2000-05-01,201.9,202.1,201.7,202.5
2000-06-01,200.4,200.6,200.2,201
2000-07-01,203.1,203.3,202.9,203.7
2000-08-01,205.3,205.5,205.1,205.9
2000-09-01,206.6,206.8,206.4,207.2
2000-10-01,207.4,207.6,207.2,208
2000-11-01,208.8,209,208.6,209.4
2000-12-01,213.2,213.4,213,213.8
2001-01-01,206.2,206.4,206,206.8
2001-02-01,211.6,211.8,211.4,212.2
2001-03-01,211.9,212.1,211.7,212.5
2001-04-01,213.8,214,213.6,214.4
2001-05-01,210.8,211,210.6,211.4
2001-06-01,212.4,212.6,212.2,213
2001-07-01,212.8,213,212.6,213.4
2001-08-01,211.8,212,211.6,212.4
2001-09-01,214,214.2,213.8,214.6
2001-10-01,214.5,214.7,214.3,215.1
2001-11-01,214,214.2,213.8,214.6
2001-12-01,211.8,212,211.6,212.4
2002-01-01,218.4,218.6,218.2,219
2002-02-01,222.6,222.8,222.4,223.2
2002-03-01,225.7,225.9,225.5,226.3
2002-04-01,224.8,225,224.6,225.4
2002-05-01,219.6,219.8,219.4,220.2
2002-06-01,218.4,218.6,218.2,219
2002-07-01,219.7,219.9,219.5,220.3
2002-08-01,220.4,220.6,220.2,221
2002-09-01,220.6,220.8,220.4,221.2
2002-10-01,218,218.2,217.8,218.6
2002-11-01,220.5,220.7,220.3,221.1
2002-12-01,221.6,221.8,221.4,222.2
2003-01-01,221.5,221.7,221.3,222.1
2003-02-01,220.8,221,220.6,221.4
2003-03-01,222.7,222.9,222.5,223.3
2003-04-01,221.7,221.9,221.5,222.3
2003-05-01,224.7,224.9,224.5,225.3
2003-06-01,229.5,229.7,229.3,230.1
2003-07-01,230,230.2,229.8,230.6
2003-08-01,230,230.2,229.8,230.6
2003-09-01,227.8,228,227.6,228.4
2003-10-01,226.8,227,226.6,227.4
2003-11-01,227.9,228.1,227.7,228.5
2003-12-01,227.5,227.7,227.3,228.1
2004-01-01,225.9,226.1,225.7,226.5
2004-02-01,227,227.2,226.8,227.6
2004-03-01,229.9,230.1,229.7,230.5
2004-04-01,229.1,229.3,228.9,229.7
2004-05-01,230,230.2,229.8,230.6
2004-06-01,229,229.2,228.8,229.6
2004-07-01,228.1,228.3,227.9,228.7
2004-08-01,229.4,229.6,229.2,230
2004-09-01,229.2,229.4,229,229.8
2004-10-01,239.8,240,239.6,240.4
2004-11-01,248.3,248.5,248.1,248.9
2004-12-01,245.9,246.1,245.7,246.5
2005-01-01,236.5,236.7,236.3,237.1
2005-02-01,232.6,232.8,232.4,233.2
2005-03-01,234.2,234.4,234,234.8
2005-04-01,241.8,242,241.6,242.4
2005-05-01,243.5,243.7,243.3,244.1
2005-06-01,241.3,241.5,241.1,241.9
2005-07-01,244.3,244.5,244.1,244.9
2005-08-01,242.1,242.3,241.9,242.7
2005-09-01,243.8,244,243.6,244.4
2005-10-01,244.4,244.6,244.2,245
2005-11-01,245.3,245.5,245.1,245.9
2005-12-01,247.1,247.3,246.9,247.7
2006-01-01,251.2,251.4,251,251.8
2006-02-01,250.8,251,250.6,251.4
2006-03-01,249.5,249.7,249.3,250.1
2006-04-01,248.5,248.7,248.3,249.1
2006-05-01,246.8,247,246.6,247.4
2006-06-01,251,251.2,250.8,251.6
2006-07-01,253.1,253.3,252.9,253.7
2006-08-01,255,255.2,254.8,255.6
2006-09-01,261.3,261.5,261.1,261.9
2006-10-01,260.4,260.6,260.2,261
2006-11-01,255.7,255.9,255.5,256.3
2006-12-01,252.9,253.1,252.7,253.5
2007-01-01,256.99,257.19,256.79,257.59
2007-02-01,265.517,265.717,265.317,266.117
2007-03-01,264.641,264.841,264.441,265.241
2007-04-01,263.172,263.372,262.972,263.772
2007-05-01,263.063,263.263,262.863,263.663
2007-06-01,260.913,261.113,260.713,261.513
2007-07-01,258.38,258.58,258.18,258.98
2007-08-01,258.128,258.328,257.928,258.728
2007-09-01,261.54,261.74,261.34,262.14
2007-10-01,263.037,263.237,262.837,263.637
2007-11-01,267.675,267.875,267.475,268.275
2007-12-01,269.137,269.337,268.937,269.737
2008-01-01,272.066,272.266,271.866,272.666
2008-02-01,269.553,269.753,269.353,270.153
2008-03-01,268.353,268.553,268.153,268.953
2008-04-01,273.198,273.398,272.998,273.798
2008-05-01,275.225,275.425,275.025,275.825
2008-06-01,279.96,280.16,279.76,280.56
2008-07-01,284.054,284.254,283.854,284.654
2008-08-01,288.372,288.572,288.172,288.972
2008-09-01,288.52,288.72,288.32,289.12
2008-10-01,286.004,286.204,285.804,286.604
2008-11-01,284.017,284.217,283.817,284.617
2008-12-01,278.991,279.191,278.791,279.591
2009-01-01,276.483,276.683,276.283,277.083
2009-02-01,275.922,276.122,275.722,276.522
2009-03-01,274.206,274.406,274.006,274.806
2009-04-01,274.545,274.745,274.345,275.145
2009-05-01,272.981,273.181,272.781,273.581
2009-06-01,273.964,274.164,273.764,274.564
2009-07-01,274.233,274.433,274.033,274.833
2009-08-01,271.077,271.277,270.877,271.677
2009-09-01,269.688,269.888,269.488,270.288
2009-10-01,270.078,270.278,269.878,270.678
2009-11-01,270.706,270.906,270.506,271.306
2009-12-01,271.568,271.768,271.368,272.168
2010-01-01,274.554,274.754,274.354,275.154
2010-02-01,272.594,272.794,272.394,273.194
2010-03-01,280.105,280.305,279.905,280.705
2010-04-01,279.306,279.506,279.106,279.906
2010-05-01,276.494,276.694,276.294,277.094
2010-06-01,272.786,272.986,272.586,273.386
2010-07-01,268.648,268.848,268.448,269.248
2010-08-01,269.223,269.423,269.023,269.823
2010-09-01,270.445,270.645,270.245,271.045
2010-10-01,270.542,270.742,270.342,271.142
2010-11-01,270.916,271.116,270.716,271.516
2010-12-01,275.875,276.075,275.675,276.475
2011-01-01,280.232,280.432,280.032,280.832
2011-02-01,283.983,284.183,283.783,284.583
2011-03-01,289.457,289.657,289.257,290.057
2011-04-01,286.337,286.537,286.137,286.937
2011-05-01,283.191,283.391,282.991,283.791
2011-06-01,281.644,281.844,281.444,282.244
2011-07-01,284.777,284.977,284.577,285.377
2011-08-01,285.681,285.881,285.481,286.281
2011-09-01,288.628,288.828,288.428,289.228
2011-10-01,284.568,284.768,284.368,285.168
2011-11-01,284.11,284.31,283.91,284.71
2011-12-01,282.98,283.18,282.78,283.58
2012-01-01,280.303,280.503,280.103,280.903
2012-02-01,277.808,278.008,277.608,278.408
2012-03-01,277.961,278.161,277.761,278.561
2012-04-01,281.16,281.36,280.96,281.76
2012-05-01,281.86,282.06,281.66,282.46
2012-06-01,284.674,284.874,284.474,285.274
2012-07-01,283.215,283.415,283.015,283.815
2012-08-01,283.917,284.117,283.717,284.517
2012-09-01,283.624,283.824,283.424,284.224
2012-10-01,284.328,284.528,284.128,284.928
2012-11-01,286.073,286.273,285.873,286.673
2012-12-01,288.037,288.237,287.837,288.637
2013-01-01,289.361,289.561,289.161,289.961
2013-02-01,290.774,290.974,290.574,291.374
2013-03-01,290.935,291.135,290.735,291.535
2013-04-01,287.813,288.013,287.613,288.413
2013-05-01,288.081,288.281,287.881,288.681
2013-06-01,288.22,288.42,288.02,288.82
2013-07-01,290.763,290.963,290.563,291.363
2013-08-01,293.453,293.653,293.253,294.053
2013-09-01,291.392,291.592,291.192,291.992
2013-10-01,291.084,291.284,290.884,291.684
2013-11-01,290.139,290.339,289.939,290.739
2013-12-01,287.892,288.092,287.692,288.492
2014-01-01,287.882,288.082,287.682,288.482
2014-02-01,290.506,290.706,290.306,291.106
2014-03-01,293.868,294.068,293.668,294.468
2014-04-01,295.224,295.424,295.024,295.824
2014-05-01,297.194,297.394,296.994,297.794
2014-06-01,297.266,297.466,297.066,297.866
2014-07-01,296.385,296.585,296.185,296.985
2014-08-01,293.187,293.387,292.987,293.787
2014-09-01,293.539,293.739,293.339,294.139
2014-10-01,295.908,296.108,295.708,296.508
2014-11-01,294.377,294.577,294.177,294.977
2014-12-01,297.327,297.527,297.127,297.927
2015-01-01,294.572,294.772,294.372,295.172
2015-02-01,293.39,293.59,293.19,293.99
2015-03-01,290.546,290.746,290.346,291.146
2015-04-01,290.678,290.878,290.478,291.278
2015-05-01,291.728,291.928,291.528,292.328
2015-06-01,290.674,290.874,290.474,291.274
2015-07-01,290.621,290.821,290.421,291.221
2015-08-01,293.836,294.036,293.636,294.436
2015-09-01,295.811,296.011,295.611,296.411
2015-10-01,296.02,296.22,295.82,296.62
2015-11-01,298.402,298.602,298.202,299.002
2015-12-01,299.334,299.534,299.134,299.934
2016-01-01,302.6,302.8,302.4,303.2
2016-02-01,304.649,304.849,304.449,305.249
2016-03-01,299.141,299.341,298.941,299.741
2016-04-01,296.946,297.146,296.746,297.546
2016-05-01,294.891,295.091,294.691,295.491
2016-06-01,294.849,295.049,294.649,295.449
2016-07-01,294.509,294.709,294.309,295.109
2016-08-01,294.186,294.386,293.986,294.786
2016-09-01,293.742,293.942,293.542,294.342
2016-10-01,293.669,293.869,293.469,294.269
2016-11-01,293.819,294.019,293.619,294.419
2016-12-01,292.151,292.351,291.951,292.751
2017-01-01,287.914,288.114,287.714,288.514
2017-02-01,290.673,290.873,290.473,291.273
2017-03-01,294.153,294.353,293.953,294.753
2017-04-01,298.253,298.453,298.053,298.853
2017-05-01,297.511,297.711,297.311,298.111
2017-06-01,296.963,297.163,296.763,297.563
2017-07-01,296.969,297.169,296.769,297.569
2017-08-01,296.781,296.981,296.581,297.381
2017-09-01,297.435,297.635,297.235,298.035
2017-10-01,297.921,298.121,297.721,298.521
2017-11-01,297.377,297.577,297.177,297.977
2017-12-01,296.666,296.866,296.466,297.266
2018-01-01,298.904,299.104,298.704,299.504
2018-02-01,296.615,296.815,296.415,297.215
2018-03-01,294.77,294.97,294.57,295.37
2018-04-01,295.556,295.756,295.356,296.156
2018-05-01,295.196,295.396,294.996,295.796
2018-06-01,296.877,297.077,296.677,297.477
2018-07-01,299.191,299.391,298.991,299.791
2018-08-01,299.146,299.346,298.946,299.746
2018-09-01,299.344,299.544,299.144,299.944
2018-10-01,297.927,298.127,297.727,298.527
2018-11-01,297.82,298.02,297.62,298.42
2018-12-01,302.177,302.377,301.977,302.777
2019-01-01,303.062,303.262,302.862,303.662
2019-02-01,303.461,303.661,303.261,304.061
2019-03-01,306.206,306.406,306.006,306.806
2019-04-01,302.011,302.211,301.811,302.611
2019-05-01,300.5,300.7,300.3,301.1
2019-06-01,299.13,299.33,298.93,299.73
2019-07-01,299.999,300.199,299.799,300.599
2019-08-01,299.529,299.729,299.329,300.129
2019-09-01,298.136,298.336,297.936,298.736
2019-10-01,300.571,300.771,300.371,301.171
2019-11-01,299.46,299.66,299.26,300.06
2019-12-01,298.408,298.608,298.208,299.008
2020-01-01,300.344,300.544,300.144,300.944
2020-02-01,298.851,299.051,298.651,299.451
2020-03-01,300.161,300.361,299.961,300.761
2020-04-01,303.084,303.284,302.884,303.684
2020-05-01,304.804,305.004,304.604,305.404
2020-06-01,305.597,305.797,305.397,306.197
2020-07-01,306.691,306.891,306.491,307.291
2020-08-01,307.726,307.926,307.526,308.326
2020-09-01,307.178,307.378,306.978,307.778
2020-10-01,308.668,308.868,308.468,309.268
2020-11-01,308.215,308.415,308.015,308.815
2020-12-01,308.003,308.203,307.803,308.603
2021-01-01,308.788,308.988,308.588,309.388
2021-02-01,309.061,309.261,308.861,309.661
2021-03-01,311.587,311.787,311.387,312.187
2021-04-01,313.09,313.29,312.89,313.69
2021-05-01,313.52,313.72,313.32,314.12
2021-06-01,315.27,315.47,315.07,315.87
2021-07-01,313.471,313.671,313.271,314.071
2021-08-01,314.75,314.95,314.55,315.35
2021-09-01,316.274,316.474,316.074,316.874
2021-10-01,318.13,318.33,317.93,318.73
2021-11-01,320.09,320.29,319.89,320.69
2021-12-01,323.729,323.929,323.529,324.329
2022-01-01,326.518,326.718,326.318,327.118
2022-02-01,332.702,332.902,332.502,333.302
2022-03-01,337.859,338.059,337.659,338.459
2022-04-01,337.377,337.577,337.177,337.977
2022-05-01,339.011,339.211,338.811,339.611
2022-06-01,340.416,340.616,340.216,341.016
2022-07-01,342.456,342.656,342.256,343.056
2022-08-01,344.507,344.707,344.307,345.107
2022-09-01,348.887,349.087,348.687,349.487
2022-10-01,347.977,348.177,347.777,348.577
2022-11-01,351.094,351.294,350.894,351.694
2022-12-01,351.213,351.413,351.013,351.813
2023-01-01,350.07,350.27,349.87,350.67
2023-02-01,350.25,350.45,350.05,350.85
2023-03-01,346.264,346.464,346.064,346.864
2023-04-01,344.508,344.708,344.308,345.108
2023-05-01,348.415,348.615,348.215,349.015
2023-06-01,350.51,350.71,350.31,351.11
2023-07-01,352.19,352.39,351.99,352.79
2023-08-01,351.757,351.957,351.557,352.357
2023-09-01,351.441,351.641,351.241,352.041
2023-10-01,352.064,352.264,351.864,352.664
2023-11-01,352.26,352.46,352.06,352.86
2023-12-01,352.435,352.635,352.235,353.035
2024-01-01,353.786,353.986,353.586,354.386